tag,count
Interface,315
Education,199
Arrows,136
Direction,134
Electronics,102
Transportation,102
Emoji,100
Emoticon,98
Communications,92
Alphabet,82
Miscellaneous,75
Arrow,72
Money,70
Document,67
User,67
Weather,65
Sign,65
Symbol,60
People,59
Technology,56
Message,53
Business,52
Food,51
Speech Bubble,50
Orientation,49
Mathematics,48
Maths,48
Comment,45
File,45
Nature,45
Vehicle,44
Security,40
Number,35
Travel,34
Fauna,33
Schedule,32
Gaming,31
Drink,30
Transport,30
Chat,30
Alert,30
Typography,29
Man,29
Button,29
Disability,28
Inclusive,28
Building,28
Multimedia,27
Blind,27
Avatar,27
Character,27
Warning,26
Hour,26
Entertainment,26
Font,26
Currency,26
Healthy,25
Sweet,25
Home,24
Watch,24
Dessert,24
Beverage,24
Fruit,24
Bank,23
Commerce,22
Dollar,22
Organic,22
Game,21
Vegetarian,21
Sport,20
Vegan,20
Cash,19
Climate,19
Telephone,19
Chart,18
Medical,18
Gesture,18
Marketing,18
Box,18
Sports,18
Space,18
Forecast,18
Meteorology,18
Shape,17
Counting,17
Computer,17
Love,17
Edition,17
Archive,17
Gambling,17
Up Arrow,17
Placeholder,17
Off,16
Winter,16
Urban,16
Device,16
Audio,16
Check,16
Rubbish Bin,15
Sound,15
Protection,15
Slash,15
Hand,15
Spreadsheet,15
Bakery,15
Layout,15
Directional,15
Graphic,15
Coding,15
Christmas,14
Storage,14
Statistics,14
Download,14
Exclamation Mark,14
Geometry,14
Person,14
Text,14
Pin,14
Flight,14
Directions,14
Tools,14
Casino,13
Electricity,13
Day,13
Communication,13
Board Game,13
Equipment,13
Diet,13
Speedometer,13
Fast Food,13
Car,13
Banking,13
Down Arrow,13
City,13
Coin,13
Town,12
Celebration,12
Time,12
Calendar,12
Chess,12
Photo,12
Date,12
Halloween,12
Religion,12
Web,12
Hygiene,12
Dice,12
Music,12
Write,12
Stats,12
Package,12
Profile,12
Book,12
Speed,12
Pen,11
House,11
Garbage Can,11
Reward,11
Alcohol,11
Bet,11
Wellness,11
Gear,11
Science,11
Winner,11
Phone,11
Party,11
Vegetable,11
Add,11
Danger,11
List,11
Square,11
Upload,11
Breakfast,11
Light,11
Video,11
Next,11
Hospital,11
Virus,11
Conversation,11
Universe,11
Edit,10
Search,10
Pencil,10
Settings,10
Award,10
Online,10
Strategy,10
Death,10
Read,10
Graph,10
Smile,10
Star,10
Delete,10
Event,10
Vintage,10
Tachometer,10
Industry,10
Head,10
Growth,10
Cup,9
Glass,9
Retro,9
Woman,9
Finger,9
Study,9
Film,9
Shapes,9
Format,9
Email,9
Letter,9
Paper,9
Cooking,9
Farm,9
Medal,9
Night,9
Bracket,9
Piece,9
Measuring,9
Clock,9
Folder,9
Utensils,9
Temperature,8
Organization,8
Meal,8
Badge,8
Cloud,8
Decoration,8
Airplane,8
Win,8
Hand Gesture,8
Volume Control,8
Networking,8
Bottle,8
Sun,8
Clothing,8
Back,8
Coverage,8
Note,8
Call,8
Notebook,8
Clean,8
Health,8
Save,8
Bathroom,8
Measurement,8
Ball,8
Anatomy,8
Prohibition,8
Envelope,8
Menu,8
Picture,8
Monitor,8
Real Estate,8
Agenda,8
File Format,8
Cross,8
Tick,8
Letter P,7
Bacteria,7
Label,7
Configuration,7
Laugh,7
Road Sign,7
Insect,7
Banknote,7
Cancel,7
Send,7
Management,7
Connection,7
Truck,7
Weapon,7
Bread,7
Check Mark,7
Investment,7
Remove,7
Question Mark,7
Window,7
Checklist,7
Finance,7
Like,7
Snow,7
Play,7
Rain,7
Fun,7
Meat,7
File Type,7
Camping,7
Graphic Design,7
Traffic Sign,7
Safety,7
Camera,7
Clipboard,7
Forbidden,7
Photography,7
Charging,7
Group,6
Board,6
Not Allowed,6
Grid,6
Cold,6
Pay,6
Flame,6
Poker,6
Position,6
Business Person,6
Computing,6
Account,6
Earth,6
Signs,6
Prescription,6
Trash Can,6
Laptop,6
Loupe,6
Healthcare,6
Writing,6
Heart,6
Symbols,6
Traditional,6
Repair,6
Bug,6
Profit,6
Thunder,6
Ornament,6
Snack,6
Focus,6
Notification,6
Contactless,6
Child,6
Verification,6
Verified,6
Question,6
Report,6
Podium,6
Bot,6
Payment,6
Nfc,6
Outdoor,6
Doubt,6
Male,6
Website,6
Left Arrow,6
Movie,6
Transfer,6
Fix,6
Emotion,6
Plane,6
Signature,6
Mind,6
Seat,6
Playing Card,6
Wind,6
Disabled,6
Line,6
Store,6
Warehouse,6
Alarm,6
Light Bulb,6
Click,6
Team,6
Route,6
Phone Call,6
Happy,6
Architecture,6
Celebrate,5
Aim,5
Filter,5
Vote,5
Increase,5
Cloudy,5
Leaderboard,5
Right Arrow,5
Magnifying Glass,5
Library,5
Favorite,5
Water,5
Forest,5
Customer Service,5
Tower,5
Indicator,5
Heading,5
Tshirt,5
Editor,5
Microphone,5
Invest,5
Trip,5
Lorry,5
Shop,5
Mug,5
Garden,5
Upward,5
Barbecue,5
Hamburger,5
Journey,5
Businessman,5
Biology,5
Letter H,5
Medication,5
Internet,5
World,5
Flash,5
Selection,5
Present,5
Ruler,5
Bbq,5
Mark,5
Access,5
Barcode,5
Drive,5
Text Editor,5
Target,5
Pills,5
Arrow Up,5
Wifi Signal,5
Sort,5
Seafood,5
Idea,5
Path,5
Water Drop,5
Restroom,5
Browser,5
Hand Cursor,5
Champion,5
Link,5
Formatting,5
Flashlight,5
Thermometer,5
Bill,5
Binary,5
Automobile,5
Cost,4
Injury,4
Internet Connection,4
Calculator,4
Image,4
Airline,4
Fire,4
Map,4
Parking Sign,4
Shipping,4
Donate,4
Hashtag,4
Gender,4
Player,4
Control,4
Hotel,4
Psychology,4
Padlock,4
Delivery Truck,4
Stop Light,4
Vertical Bar,4
Support,4
Mail,4
Smoke,4
Female,4
Bus,4
Area,4
Slice,4
Cross Mark,4
Creative,4
Faq,4
Nodes,4
Setup,4
Rating,4
Horizontal,4
Manufacturing,4
Cleaning,4
Error,4
Mountain,4
Arrowhead,4
Tree,4
Favourite,4
Screen,4
Factory,4
Wreath,4
Railway,4
Minus Sign,4
Dish,4
Advertising,4
Flags,4
Agriculture,4
Ice Cream,4
Argent,4
Sign Language,4
Garage,4
Disease,4
Burning,4
Information,4
Sad,4
Bedroom,4
Globe,4
Cloud Computing,4
Tire,4
Minus,4
Surprise,4
Sleeveless,4
Wooden,4
Emergency,4
Funnel,4
Antenna,4
Bar Chart,4
Charity,4
Analytics,4
Rainy,4
Read Only,4
Kid,4
Equalizer,4
Standing,4
Meter,4
Low Signal,4
Moon,4
Cargo,4
Son,4
Rest,4
Stars,4
Bell,4
Song,4
Ticket,4
Downward,4
Economy,4
Teamwork,4
Medicine,4
Option,4
Jewel,4
Usa,4
Letter X,4
Chevron,4
Vegetables,4
Line Chart,4
Bars,4
Vertical Line,4
Racket,4
Three Dots,4
Defense,4
Energy,4
Timer,4
Greek,4
Right,4
Bag,4
Container,4
Hierarchy,4
Kiss,4
Cocktail,4
Buildings,4
Volume,4
Airport,4
Percentage,4
Mic,4
Laboratory,4
Washing,4
Reminder,4
Cutlery,4
Diskette,4
Pet,4
Ski,4
Donation,4
Secure,4
Smoking,4
Tool,4
Jewish,4
Choose,4
Happy Face,4
Draw,4
Double Chevron,4
Task,4
Options,4
Art,4
Product,3
Toast,3
Care,3
Digging,3
Video Camera,3
Clothes,3
Tongue Out,3
Grain,3
Horse,3
Customer Support,3
Open,3
Aviation,3
Fish,3
Blossom,3
Brain,3
Money Bag,3
Bowl,3
Bike,3
Sliders,3
Choice,3
Storm,3
Accident,3
Bullseye,3
Face Mask,3
Plant,3
Presentation,3
Knight,3
Medieval,3
Letter U,3
Letter K,3
Letter C,3
Lightning Bolt,3
Signal,3
Approval,3
Letter A,3
Drug,3
Construction,3
Star Of David,3
Sandwich,3
Record,3
Infection,3
Gift,3
Quote,3
Linked,3
Diagonal Arrow,3
Skeleton,3
Camper,3
Chip,3
Unhealthy,3
Left,3
Flower,3
Altitude,3
Wall,3
Post It,3
Tag,3
Bricks,3
Letter G,3
Contract,3
Alien,3
Element,3
Cooler,3
Www,3
Food Allergy,3
Location,3
Learn,3
Rice,3
Walking,3
Waiting,3
Dead,3
Political,3
Letter N,3
Checked,3
Magic,3
Hockey,3
Beauty,3
Letter J,3
Monument,3
Insurance,3
Bolt,3
Triangle,3
Pot,3
Mobile,3
Leader,3
Room,3
Justice Scale,3
Comfort,3
Solidarity,3
Rocket,3
Cook,3
Sheet,3
Shopping Cart,3
Diagram,3
Curly Bracket,3
Pork,3
Fork,3
Arrange,3
Attention,3
Stack,3
Podcast,3
Media Player,3
Wristwatch,3
Journal,3
Results,3
Letter Q,3
Data,3
Solar System,3
Clinic,3
Letter S,3
Radiation,3
News,3
Toilet,3
Entrance,3
Receipt,3
Rx,3
Pie Chart,3
Shield,3
Polygon,3
Hot,3
Worker,3
Assistance,3
Percent,3
Amusement Park,3
Velocity,3
Protein,3
Circle,3
Witch,3
Atm,3
Orthopedic,3
Industrial,3
Delivery,3
Takeaway,3
Bed,3
Pine Tree,3
Hockey Sticks,3
Train,3
Letter I,3
Chicken,3
Info,3
Judaism,3
Knife,3
Letter V,3
Letter F,3
Net,3
Wifi,3
Connect,3
Wheel,3
Parentheses,3
Square Box,3
Letter B,3
Briefcase,3
Prohibited,3
Share,3
Legend,3
Chemical,3
Property,3
Letter M,3
Numbers,3
Couple,3
Marker,3
Itinerary,3
Low,3
License,3
Mute,3
Artificial Intelligence,3
Sink,3
Turkey Leg,3
Modify,3
Ink,3
Notes,3
Western,3
Lemon,3
Special,3
Pharmacy,3
Budget,3
Bird,3
Waveform,3
Letter L,3
Music Note,3
Funds,3
More,3
Jar,3
Pole,3
Dots,3
Letter Z,3
Letter W,3
Commit Git,3
Help,3
Curly,3
Withdraw,3
Successful,3
Letter O,3
Letter R,3
Approved,3
Test,3
Laundry,3
Text Area,3
Audit,3
Pointing,3
Network,3
Letter Y,3
Aeroplane,3
Letter E,3
Surgery,3
Balance,3
Sleep,3
Cell,3
Decrease,3
Letter T,3
Previous,3
Skull,3
Sandglass,3
Blade,3
No,3
Catalogue,3
Jewelry,3
App,3
Pause,3
Round,3
Toy,3
Classical Music,3
Comfortable,3
Eye,3
Letter D,3
Savings,3
Stick,3
Siren,3
Adjustment,3
First,2
Data Analytics,2
Starry,2
Sort Descending,2
Gas Pump,2
Meteor,2
Tramway,2
Chess Clock,2
Speak,2
Seasoning,2
Card,2
Connected,2
Send Money,2
Leaf,2
Paragraph,2
Grill,2
Coins,2
Point,2
Transistor,2
Baggage,2
Playground,2
Infographic,2
Virtual Reality,2
Advertisement,2
Raindrops,2
Blender,2
Region,2
Castle,2
Round Shape,2
Wire,2
Validate,2
Sunrise,2
Think,2
Spicy,2
Random,2
Reception,2
Paper Cup,2
Exclamation,2
Media,2
Recreational Vehicle,2
Tomb,2
Changing,2
Soap,2
Navigation,2
File Storage,2
Organ,2
Stocking,2
Hardware,2
Web Page,2
Reflection,2
Cardboard,2
Administration,2
Sea,2
Augmented Reality,2
Restaurant,2
Mixer,2
Cake,2
Bone,2
Physics,2
Oil,2
Seed,2
Loan,2
Cable,2
Exit Door,2
Close,2
Theme Park,2
Sea Level,2
View,2
Badminton,2
Sick,2
Ladder,2
Oven,2
Hdd,2
Jigsaw,2
Lift,2
Up,2
Patient,2
Sleigh,2
Crutches,2
Eclipse,2
Ram,2
Heart Rate,2
Alphabetic,2
Layers,2
Four,2
Spaceship,2
Cheese,2
Contact,2
Handicap,2
Invoice,2
Malware,2
Sunny,2
Broken,2
Stop,2
Archery,2
Sailing,2
Saxophone,2
Military,2
Confetti,2
Cam,2
Subtraction,2
Price,2
Planet,2
Sledge,2
Landline,2
Sausage,2
Shuttlecock,2
Profession,2
Ear,2
Ferris Wheel,2
Cabin,2
Impact,2
Spooky,2
Swimming Pool,2
Research,2
Text Lines,2
Antique,2
Soup,2
Counter,2
Wink,2
Lab,2
Harvest,2
Sms,2
Exit,2
Sugar,2
Wizard,2
Text Box,2
Elephant,2
Muslim,2
Skiing,2
Mace,2
Mining,2
Wrench,2
Protect,2
Sidebar,2
Cycling,2
Speech Balloon,2
Cloud Data,2
Lightning,2
Water Damage,2
Right Arrows,2
Lock,2
Sand Clock,2
Sofa,2
To Do List,2
Roll,2
Marijuana,2
Vacuum Cleaner,2
Recording,2
Purchase,2
Diagonal,2
Plus Sign,2
Bat,2
Lunch,2
Punch,2
Lungs,2
Waves,2
Drumstick,2
Sound Waves,2
Analog,2
Cpu,2
Family,2
Sky,2
Wireless,2
Funeral,2
Unblocked,2
Reel,2
Usd,2
Estimate,2
Chatbot,2
Supermarket,2
Failure,2
Fitness,2
Cd,2
Cat,2
No Video,2
Tram,2
Orange,2
Packing,2
Flask,2
Shuttle,2
Observation,2
Application,2
Engagement Ring,2
Fuel,2
Key,2
Printer,2
Text Format,2
Flag,2
Pump,2
Metric,2
Blocked,2
Attraction,2
Tornado,2
Ventilation,2
Ballot,2
Frame,2
Books,2
Bones,2
Toggle Button,2
Layer,2
Success,2
Berries,2
One,2
Hourglass,2
High Temperature,2
Joystick,2
Allergen,2
Snowy,2
Table Lamp,2
Pass,2
Recover,2
Vest,2
Sack,2
Laptop Computer,2
Connector,2
Mobile Phone,2
Down,2
Petrol,2
Mask,2
Spectrum,2
Women,2
Rip,2
Sleeping,2
Pie,2
Ramp,2
Tide,2
Rss,2
Rich,2
Watering,2
Toggle,2
Burger,2
Sigma,2
Law,2
Scary,2
Back Arrow,2
Salad,2
Design,2
Telephone Call,2
Ventilator,2
Bandage,2
Logistic,2
Firefighter,2
Grand Piano,2
Pine,2
Game Controller,2
Hard Hat,2
Shopping,2
Loss,2
Water Level,2
Flash Disk,2
Asteroid,2
Chair,2
Apple,2
Hammer,2
Head Side,2
Corn,2
Sunset,2
Feedback,2
Clean Energy,2
Reading,2
Shopping Basket,2
Underline,2
Best,2
Arrow Left,2
Motorcycle,2
Rec,2
Fracture,2
Landmark,2
Typhoon,2
Pawprint,2
Warning Sign,2
Fog,2
Comet,2
Shelter,2
Skip,2
Disconnected,2
Encrypt,2
Plus,2
Deal,2
Tumble Dryer,2
School,2
Collaboration,2
Calculate,2
Train Station,2
Template,2
Post,2
Pepper,2
Urgent,2
Client,2
Fly,2
Video Game,2
Ribbon,2
Sort Down,2
Work,2
Exercise,2
Drugs,2
Stairs,2
Floppy Disk,2
Cough,2
Shower,2
Medicines,2
Notepad,2
Automatic,2
Chemistry,2
Scalpel,2
Surveillance,2
Crystal Ball,2
Webcam,2
Windy,2
Weather Forecast,2
Join,2
Satellite,2
Deposit,2
Medical Mask,2
Chief,2
Express Delivery,2
Bookmark,2
Security Camera,2
Ukraine,2
Strongbox,2
Certificate,2
Cards,2
Prize,2
Correct,2
Ocean,2
Dna,2
Weed,2
Plumbing,2
Code,2
Cafe,2
Snowflake,2
Sticky Note,2
Playlist,2
Dairy,2
Press,2
Sled,2
Wave,2
Check Box,2
Renewable Energy,2
Chili,2
Landscape,2
Hockey Puck,2
Wine,2
Lacrosse,2
Exam,2
Feed,2
Controls,2
Cloud Storage,2
Branch,2
Video Conference,2
Address Book,2
Chain,2
Hurricane,2
X Ray,2
Jazz,2
Phase,2
Falling,2
Stamp,2
Gps,2
Goggles,2
Human,2
Save File,2
Election,2
Thumb Up,2
Clouds,2
Mental Health,2
Press Button,2
Doctor,2
Men,2
Brochure,2
Open Book,2
Duplicate,2
Sustainability,2
Rectangle,2
Cry,2
Block,2
Video Player,2
Process,2
Broadcast,2
Up Chevron,2
Brightness,2
Discount,2
Heating,2
Half,2
Warrior,2
Degree,2
Canned Food,2
King,2
Objects,2
Table,2
Harddisk,2
Pilot,2
Hospital Bed,2
Distance,2
No Sound,2
Cinema,2
Coffee,2
Alphabetical,2
Pig,2
Music Player,2
Multiple Choice,2
Down Chevron,2
Square Shape,2
Pawn,2
Captain,2
Mother,2
Memory Card,2
Galaxy,2
Screwdriver,2
Party Popper,2
Graveyard,2
Talking,2
Office,2
Questions,2
Agreement,2
Cannabis,2
Unicorn,2
Map Point,2
Programming,2
Ebook,2
Holding,2
Alignment,2
No Signal,2
Exchange,2
Picnic,2
Fast Delivery,2
Green Energy,2
Quarantine,2
Result,2
Ban,2
Rock,2
Repeat,2
Copy Writing,2
Baby,2
Justice,2
Caffeine,2
Crutch,2
Broken Link,2
Recovery,2
Left Arrows,2
Review,2
Text Spacing,2
Rook,2
Checkup,2
High Voltage,2
Queen,2
Sneezing,2
Taco,2
Furniture,2
Democracy,2
Language,1
Treasure,1
Code Pull Request,1
Truck Medical,1
Align,1
Crab,1
Person Circle Minus,1
Tick Mark,1
Diagram Successor,1
Hand-Holding-Heart,1
Hill,1
Educative,1
Square Plus,1
Eskimo,1
Circle 0,1
Syrup,1
Border,1
Cloud-Sun-Rain,1
Browsers,1
Neurology,1
Soft,1
Bullet List,1
Notification Bell,1
Usd-Square,1
Bed Empty,1
Chest,1
Clock-Twelve,1
Clapperboard,1
Book Atlas,1
Rhombus,1
Parking Circle,1
Teeth,1
Light Switch On,1
Saturn,1
Flood,1
Smile Plus,1
Traffic Light,1
Yoga,1
Arrow-To-Left,1
Crescent Moon,1
Face Expressionless,1
Change,1
Delete Right,1
Hospital Symbol,1
Martini Glass Empty,1
Square 5,1
Folder-Tree,1
Plague,1
User Tag,1
No Entry,1
User Minus,1
Jar Wheat,1
Wheelchair Move,1
Crown,1
Conference,1
Features,1
Bollard,1
Citrus,1
Site Alt,1
Telescope,1
Diagram Venn,1
Phone Booth,1
Agent,1
Hose,1
Square 7,1
Book Quran,1
Compost,1
Charging Station,1
Calculator Money,1
Germs,1
Roller Coaster,1
Link-Alt,1
Kiss-Beam,1
Museum,1
Check List,1
Nut,1
Badge Sheriff,1
Hot Tub,1
Litecoin Sign,1
Arrow Right To Bracket,1
Level Up,1
Ram Memory,1
Biking,1
Break,1
User Xmark,1
Measure,1
Department,1
Squiggle,1
Chart Gantt,1
Mars Stroke Right,1
Play Circle,1
Acute Angle,1
Streaming,1
Experiment,1
Tower Control,1
Taxi,1
Add Image,1
Franc Sign,1
Summation,1
Square V,1
Sprout,1
Mars-Double,1
Flying,1
Cello,1
Comment Medical,1
Downloadable,1
Router,1
Text Edit,1
Bus-Alt,1
Atom,1
Subscribe,1
Phone-Pause,1
Object Group,1
Light Ceiling,1
Pager,1
Starfighter,1
Message Image,1
Shower Head,1
Comment Alt Medical,1
Sales,1
Field,1
Square 9,1
Webcam Slash,1
Person Dress,1
Print Slash,1
Cubes Stacked,1
Square Exclamation,1
Spy,1
Spray Paint,1
Call-History,1
Fertilizer,1
Spoon,1
File Medical Alt,1
Dragon,1
Air Conditioner,1
Plus Hexagon,1
Horizontal Rule,1
Guarani Sign,1
Rock And Roll,1
Cedi Sign,1
Horizontal Bar,1
Face Head Bandage,1
Circle Microphone,1
Ski Boot Ski,1
Tents,1
Square A,1
Chart-Scatter,1
Laser,1
Spray Can Sparkles,1
Park,1
Lobster,1
Cars,1
Headphone,1
Box Open,1
Invite,1
Explosion,1
Silence,1
Caravan,1
Drawing,1
Cloud-Sun,1
Comment Alt Edit,1
Palette,1
Turn Off,1
Cruzeiro Sign,1
Highlighter,1
Leave,1
Finish,1
Tubes,1
Cut,1
Expert,1
Face Smiling Hands,1
Cloud-Snow,1
Caret-Square-Left,1
Border None,1
Processor,1
Guide,1
Joint,1
Compliance,1
Evening,1
Map Marker Edit,1
Bitcoin Sign,1
Explosive,1
Burrito,1
Zoom,1
Splotch,1
Skiing-Nordic,1
Code Commit,1
Level-Up-Alt,1
Embedded,1
Gas Station,1
Three Quarters,1
Square 6,1
Noodles,1
Step Backward,1
Cloud-Download-Alt,1
User Crown,1
Phone-Cross,1
Environment,1
Zzz,1
Chart-Line-Up,1
Medical Report,1
Track,1
Search-Heart,1
Cube,1
Sparkles,1
Control Tower,1
Kazakhstan,1
Bahai,1
Kiwi Fruit,1
Faucet Drip,1
Square B,1
Basketball,1
Saucepan,1
Distribute Spacing Vertical,1
Hi,1
Tally 1,1
Money Check,1
Breeze,1
Shield Minus,1
Chess-Knight,1
Chart Bullet,1
Businesswoman,1
Closet,1
Medical Laboratory,1
Colon,1
Signing,1
Comment-Dollar,1
Attract,1
Dice-D20,1
Wardrobe,1
Minus Hexagon,1
Face Woozy,1
Arrow-Small-Right,1
Square Info,1
Drum,1
Keynote,1
Screencast,1
Circle 9,1
Letterbox,1
Drone Front,1
Karaoke,1
Grate,1
User Astronaut,1
Chimney,1
Snowfall,1
Shop Lock,1
Engine,1
Teeth Open,1
Tape,1
Sharp,1
Grin,1
Pen Circle,1
Refrigerator,1
Rolling Eyes,1
Dolly Flatbed,1
H4,1
Person Circle Exclamation,1
Ad,1
Broccoli,1
Grimace,1
Toothpaste,1
List Music,1
Shrimp,1
Radiation Alt,1
Orchestra,1
Identity,1
Step Forward,1
Cedi,1
Copy Image,1
Uniform Martial Arts,1
Trailer,1
Arrow-Small-Left,1
Circle Half Stroke,1
Pro,1
Conveyor Belt,1
Quiz,1
Details,1
Table Picnic,1
Accumulator,1
Covid 19,1
Store Lock,1
Header,1
Person Circle Xmark,1
Gun,1
Mill Sign,1
Drops,1
Lectern,1
Cash Register,1
Envelope-Download,1
Badge-Check,1
Lotus,1
Pan,1
Barcode Scan,1
Elevator,1
Lamp Desk,1
Pen Square,1
Smoke Detector,1
Payload,1
Cloud-Drizzle,1
Discover,1
House Building,1
Candle Holder,1
Children,1
Gas Stove,1
Bulk,1
Lamp,1
Capsules,1
Code Simple,1
Trash Slash,1
Caret-Circle-Up,1
Stomach,1
Tv-Music,1
Eye Dropper Half,1
Washing Machine,1
Sign-In-Alt,1
Apple Core,1
Cruzeiro,1
Thermometer Quarter,1
Bangladeshi Taka Sign,1
Offer,1
Mars,1
Egg-Fried,1
Engagement,1
Trumpet,1
Electronic,1
Snow Cloud,1
Celsius,1
Guard,1
Comment-User,1
Walker,1
Buddhism,1
Half Moon,1
Balance Scale,1
Query,1
Dinner,1
Pool 8 Ball,1
Cake Slice,1
Fantasy,1
Fox,1
Duration,1
Shaker,1
House-Flood,1
Face Anguished,1
Disabled Person,1
Car Wash,1
Plant Wilt,1
Laugh-Squint,1
Sort-Alpha-Down,1
Lollipop,1
Quilt,1
Message Quote,1
Safe Box,1
Fail,1
Shekel,1
Pestle,1
Comment-Check,1
Peso Sign,1
Snowboarding,1
Wagon,1
Swipe Right,1
Chess-Bishop,1
Taoism,1
Water Gun,1
Hexagon Check,1
Wheat Awn Circle Exclamation,1
Complete,1
Tent Arrow Down To Line,1
Bye,1
Reader,1
Can Food,1
Tracker,1
Hundred Points,1
File Minus,1
Caret-Circle-Right,1
Austral Sign,1
Users,1
Cyclone,1
Folk,1
User Ninja,1
Shirt Running,1
Square Small,1
Athletic,1
Jack-O-Lantern,1
Shutter,1
Theatre,1
Theta,1
Star Christmas,1
Figure,1
French Fries,1
Glass-Cheers,1
Grip Lines Vertical,1
Border Top,1
Pain,1
Bishop,1
Spider,1
Face Scream,1
Scent,1
Circle Video,1
Face Cowboy Hat,1
Custard,1
Forward Fast,1
Pointer,1
Bowl Rice,1
Hat Cowboy,1
Sort-Alt,1
Toggle Off,1
Hexagon,1
And,1
Holiday,1
Frog,1
Grin-Beam-Sweat,1
Thermometer Three Quarters,1
Sprinkler,1
Gamepad,1
Pi,1
Solar Panel,1
Caret-Square-Down,1
Biohazard,1
Mouth,1
Rising Sun,1
Washer,1
Do Not Enter,1
Glass Water Droplet,1
Text-Slash,1
Category Alt,1
Watermelon,1
Steak,1
Combine,1
Modem,1
Editing,1
Space Shuttle,1
Pennant,1
Arrow-Alt-Right,1
Perfume Bottle,1
Catalog,1
Mound,1
Sort-Alpha-Down-Alt,1
Slides,1
Thunderstorm-Moon,1
Arrow-Up-From-Square,1
Camera Rotate,1
Startup,1
Die,1
Investigation,1
Swatchbook,1
Square Minus,1
Up Left,1
Mouse Pointer,1
Seen,1
Tags,1
Qrcode,1
House Chimney Medical,1
Battery Three Quarters,1
Dot Circle,1
Toilet Paper Slash,1
File Image,1
Volume Down,1
User Shield,1
Move,1
Ticket Alt,1
Arrow-Circle-Down,1
Champagne Glasses,1
Seal Question,1
Mention,1
Barcode Read,1
Qr Scan,1
Set,1
Mug-Hot,1
Goods,1
Africa,1
Address Card,1
Files Medical,1
String,1
Level Down,1
Expense,1
Jerusalem,1
Monitoring,1
Text Height,1
Firewall,1
Circle D,1
Camera Viewfinder,1
Square Z,1
Goal Net,1
Users-Alt,1
Comment-Heart,1
Trans,1
Proximity,1
Grin-Tongue,1
Terrain,1
Circle Heart,1
Dice-D6,1
Broken Bone,1
Pump Medical,1
Table Rows,1
Sim Card,1
Descending Bars,1
Cottage,1
Smog,1
Spinning Top,1
Music Disc,1
Calendar Date,1
Speaker,1
Sickle,1
Tally,1
Truck Tow,1
Grip Horizontal,1
Book Dead,1
Ranking Star,1
Dong Sign,1
Wave Triangle,1
Shipping Fast,1
Dream,1
Lips,1
Run,1
Doughnut,1
Chart-Histogram,1
Equestrian,1
Get Out,1
Notes Medical,1
Hand Dots,1
Solution,1
Api,1
File User,1
Clock-Three,1
Text Box Edit,1
Barn,1
Gramophone,1
No Wifi,1
Arrow-Small-Down,1
Badge-Percent,1
Chocolate,1
Comment-Image,1
Store Slash,1
Wood,1
Plane Arrival,1
Rectangle List,1
Box Up,1
Cab,1
Mattress Pillow,1
Stalactite,1
Dentist,1
Port,1
Snooker,1
Chicken Leg,1
Cloud Code,1
Object Ungroup,1
Code Fork,1
Snake,1
Hand Fist,1
User Lock,1
Candy,1
H2,1
Lari Sign,1
Text Width,1
Drafting Compass,1
Days,1
Bucket,1
Comment-Sms,1
Circle Bolt,1
Seat Airline,1
Wings,1
Hoop,1
Game Control,1
Pedestal,1
Hospital User,1
Tent Arrow Left Right,1
Arrow-From-Top,1
Ruble,1
Tear,1
Link Horizontal,1
Maximum,1
Message Dollar,1
Codes,1
Terrace,1
Dolphin,1
Pipette,1
Thermometer Alt,1
Acoustic Guitar,1
Wand,1
Mist,1
Binary File,1
Fluffy,1
Scribble,1
Asthma,1
Brightness Low,1
Manat Sign,1
Matchstick,1
Tty,1
Kidneys,1
Notdef,1
Quarter,1
Lightbulb Question,1
Feather,1
Chips,1
Running,1
Films,1
Clock-One,1
Palm Tree,1
Olympic,1
Filtering,1
Grin-Tongue-Squint,1
Shopper,1
Location Exclamation,1
Headphones,1
Alarm-Snooze,1
Air Flow,1
About,1
User Gear,1
Blender Phone,1
Italian Food,1
Onion,1
Badge-Dollar,1
Sushi,1
Arrows-Alt,1
Sun Plant Wilt,1
Dog,1
Circle O,1
Mango,1
Ufo,1
Honey Pot,1
Handshake Angle,1
Scarf,1
Bed Bunk,1
Pressure,1
Bacterium,1
Camera Security,1
Markers,1
Calendar Heart,1
Compass Tool,1
Videogame,1
Chevron-Double-Down,1
Ear Deaf,1
Volume Off,1
Croissant,1
Bullhorn,1
Face Astonished,1
Grin-Hearts,1
Circle 3,1
Democrat,1
Broadcast Tower,1
Rails,1
Popular,1
Wind Energy,1
3D,1
Arrow-Square-Left,1
Square W,1
Newspaper,1
Air Freshener,1
Square E,1
Fahrenheit,1
Cone,1
Boxes,1
Face Sleeping,1
Coin Stack,1
Baton,1
Log In,1
Mode,1
Table Pivot,1
Border Style,1
Closed Captioning Slash,1
Igloo,1
Turn Right,1
Bank Check,1
Otter,1
Checkmark,1
Yin Yang,1
Planet Ringed,1
Code Branch,1
Banana,1
Start,1
Circle M,1
User Slash,1
Overcast,1
Police,1
Flat Bread,1
Replace,1
Justify,1
Face Nose Steam,1
Square J,1
Wash,1
Arrows-Alt-V,1
Soccer,1
Activity,1
Ruler-Horizontal,1
Circle G,1
Share Alt Square,1
Dungeon,1
Courier,1
Question-Square,1
Square M,1
Empty Battery,1
Vector Polygon,1
Chess Pawn,1
Search Dollar,1
Risk,1
Martini Glass Citrus,1
Map Pin,1
Open Window,1
Comment-Exclamation,1
Outdent,1
Arrow-To-Right,1
Quotation,1
Caret-Right,1
Trophy,1
Tally 2,1
Lamp Post,1
Measuring Tape,1
Parking,1
Atmosphere,1
Old Computer,1
Camera Slash,1
Tuesday,1
Swimmer,1
Section,1
Inbox-Out,1
Mosquito Net,1
Chart-Network,1
Bring Forward,1
Site,1
Cowboy Hat,1
Folder-Times,1
Wind Direction,1
Circular Arrows,1
Sort Circle Up,1
Flask Potion,1
Subway,1
Circle Star,1
Viruses,1
Hands Bubbles,1
Folder Open,1
Mailbox,1
Eruption,1
Pizza Slice,1
Filter-Slash,1
Book-Open-Reader,1
Records,1
Register,1
Rank,1
Hotdog,1
Face Zany,1
Person Circle Check,1
Sad-Tear,1
Id Card,1
Book Copy,1
Roller,1
Circle H,1
Coffee Beans,1
Square N,1
Square Star,1
Face Sunglasses,1
Suitcase Alt,1
Comment Alt Dots,1
User Pen,1
Illustration,1
Caret-Left,1
Haze,1
Outlook,1
Mexico,1
Martial Arts,1
Caret-Down,1
Square O,1
Branding,1
Pattern,1
Fire Burner,1
Chart-Area,1
Car Rear,1
Power,1
Living Room,1
Roast Chicken,1
Down Left,1
Turn On,1
Alarm-Plus,1
Trademark,1
Owner,1
Vote Yea,1
Shovel,1
Steering Wheel,1
Banner,1
Calendars,1
Mortar Pestle,1
Movies,1
User Nurse,1
Quidditch,1
Departure,1
Cloud-Moon,1
Aperture,1
Square K,1
Basketball Hoop,1
Clock Desk,1
Boxing Glove,1
Table Columns,1
Low Vision,1
Lava,1
Diagram Sankey,1
Circle S,1
Microscope,1
Face Recognition,1
Tab,1
Card Diamond,1
Card Spade,1
Window Frame,1
Sad-Cry,1
Book-Arrow-Right,1
Scatter Graph,1
Popsicle,1
Category,1
Bring Front,1
Chalkboard User,1
Strike,1
Comments,1
Pig Face,1
Ethernet,1
Book Tanakh,1
Scroll,1
Square Terminal,1
Dusk,1
Garlic,1
Shelves,1
Drafting,1
Scythe,1
Calendar-Minus,1
Boundary,1
Plane Departure,1
Face Anxious Sweat,1
Wheat Awn,1
Blueberries,1
Balloons,1
Fence,1
Minimize,1
Truck-Monster,1
Kip Sign,1
Chopping,1
Circle Camera,1
Personal Computer,1
Train Tram,1
Turntable,1
Surgical Mask,1
Face Pensive,1
Sort-Numeric-Down-Alt,1
Deer,1
Smile-Beam,1
Fragile,1
Text Shadow,1
Passport,1
Timeline,1
Planning,1
Congratulations,1
Stretcher,1
Peace,1
Oak,1
Roller Paint,1
Take Away,1
Battery Status,1
Distribute Spacing Horizontal,1
Mars Stroke Up,1
Vertical Lines,1
Ruler-Vertical,1
Pepper-Hot,1
Islam,1
Peseta Sign,1
Pen Fancy,1
Transporter,1
Perimeter,1
Enroll,1
Hippopotamus,1
Image Slash,1
Page-Break,1
Space Station,1
Page,1
Briefcase Arrow Right,1
Customer,1
List Dropdown,1
Dumpster Fire,1
Print,1
Ready,1
Spices,1
Lockdown,1
Windows,1
Undo,1
Square S,1
Country,1
Arrow-Up-Left-From-Circle,1
Roasted,1
Paper Plane,1
Reflect Vertical,1
Shooting,1
Carrot,1
Hr,1
Phone Flip,1
Brackets Curly,1
Bells,1
Machine,1
Truck-Pickup,1
Rupiah Sign,1
Island,1
Eggplant,1
Oasis,1
Dotted Line,1
Motor Sports,1
Arrow-Circle-Left,1
Dice-Six,1
Thunderstorm-Sun,1
Butter,1
Edit Tool,1
Bracket Square,1
Plug Connection,1
Curling,1
Panorama,1
Gas,1
Colon Sign,1
Tree Deciduous,1
Touch Screen,1
Dialogue,1
Betamax,1
Reload,1
Voicemail,1
Grim Reaper,1
Paint,1
Bowling,1
Mechanic,1
Ai,1
Arrow-Alt-Up,1
Voting,1
Assessment,1
Caret-Square-Right,1
Clipboard User,1
House User,1
Arrow Down Left,1
Location Crosshairs,1
Cityscape,1
Envelope-Open,1
Shuttle-Van,1
Van,1
Television,1
Spacing,1
Inbox,1
Bullet,1
Card Club,1
Tennis,1
Billiard,1
Tamale,1
Face Disguise,1
Trash Restore Alt,1
Graffiti,1
Hit,1
Diagram Next,1
Archway,1
Handshake,1
Vr Cardboard,1
Accessibility,1
Message Text,1
Court,1
Holly Berry,1
Computer Speaker,1
Mount,1
Organization Chart,1
Go Out,1
Doodle,1
Fridge,1
Vulcan Salute,1
Aubergine,1
Turkey,1
Speakers,1
Cloud-Moon-Rain,1
Solar Energy,1
Biomass,1
Keyboard Left,1
Addition,1
Paste,1
Blackboard,1
Wine Glass Empty,1
Tilde,1
Arrow-Circle-Up,1
Diamond,1
Split,1
File-Chart-Line,1
High Definition,1
Column,1
Bars Chart,1
Key Ring,1
Line Up,1
Camera Lens,1
Circle 4,1
Diagram Predecessor,1
House Signal,1
Ballot Check,1
Monster Truck,1
Hand Paper,1
Location Off,1
Restore,1
Blaster,1
Sight,1
Translator,1
Standard Definition,1
Sorting,1
Face Nauseated,1
Follow,1
Half Circle,1
Microphone Slash,1
Volume Slash,1
Video-Plus,1
Allergy,1
Circle K,1
Squid,1
Lamp Floor,1
Border All,1
Cucumber,1
Golf Ball,1
Financial,1
Anchor,1
Rail,1
Semicircle,1
Arrow-Alt-Left,1
Battery Full,1
Note Sticky,1
Squirrel,1
Redirect,1
Play Button,1
Cookie,1
Magnetic,1
Garage-Open,1
Play Video,1
Poll H,1
Table Tree,1
Second,1
Theater Masks,1
Cupcake,1
Command,1
Thought Bubble,1
Laugh-Wink,1
Prevention,1
Parachute Box,1
Envelope-Open-Text,1
Fighter,1
Street,1
Sunrise-Alt,1
Tow Truck,1
Text Size,1
File Medical,1
Computer Classic,1
Level-Down-Alt,1
Face Smirking,1
Scooter,1
Bell Pepper,1
Jogging,1
Drag,1
Virus Slash,1
Pulse,1
Axe Battle,1
Plate Wheat,1
Lightbulb On,1
Passkey,1
Icicles,1
Terminal,1
Circle C,1
Folders,1
Pallet,1
Trash Restore,1
Egg,1
Moped,1
Locust,1
Blinds,1
File Word,1
Procedures,1
Boss,1
Vault,1
Gift Box,1
Circle Dashed,1
Kimono,1
Angle,1
Shield Cross,1
Cloud Question,1
Delivery Time,1
Phone Plus,1
Electrical,1
Clock-Seven,1
Smart Home,1
Pen Nib,1
Calendar-Check,1
Bomb,1
Chart-Pie-Alt,1
Party Hat,1
Stock,1
Circle U,1
Faucet,1
Beacon,1
Hand Back Fist,1
Broom Ball,1
Chart-Tree,1
Rv,1
Circular Arrow,1
Jet,1
Gasoline,1
Strawberry,1
User Police,1
Treasure Chest,1
Spade,1
Couch,1
Signal-Alt-2,1
Eyes,1
Old Phone,1
Camera Movie,1
Payment Method,1
Pickup,1
Rss Alt,1
Mail Box,1
Check Circle,1
Kite,1
Sort-Amount-Up-Alt,1
Melting,1
File-Spreadsheet,1
Drama,1
Face Weary,1
Pause Circle,1
Judge,1
Earth Africa,1
Biscuit,1
Shopping Bag,1
Memory,1
Shuffle,1
Metal,1
Moon-Stars,1
File Code,1
Burn,1
Cassette Vhs,1
React,1
Spiked,1
Star Trek,1
Cover,1
Face,1
Unprotected,1
Arrow-To-Bottom,1
Ski-Jump,1
Telemedicine,1
Cash Flow,1
Face Relieved,1
Father,1
House Chimney Crack,1
Ecology,1
Circle T,1
Beanie,1
Square Q,1
Box Check,1
Fire Extinguisher,1
File-Video,1
File Signature,1
Circuit Board,1
Dryer,1
Circle 7,1
Cloud Meatball,1
Rate,1
Hatchet,1
Four Leaf,1
Operation,1
Gift Card,1
Check Double,1
Arrow Down To Square,1
Tablet Android,1
Flute,1
Rural,1
Face Party,1
Square X,1
Circle V,1
Torch,1
Shield Xmark,1
Face Lying,1
Telemarketer,1
Ruler-Combined,1
Fountain Pen,1
Thermometer Full,1
Season,1
Picker,1
Signal-Alt,1
Hand Holding Water,1
Camcorder,1
Grip Vertical,1
Vacuum Robot,1
Glow,1
Musical Note,1
Clock-Five,1
Massage,1
Blur,1
Bid,1
Luggage,1
Online Meeting,1
Resize,1
Jug,1
Cup Straw,1
Luck,1
Incoming Call,1
Sliders V,1
Receive,1
Face Unamused,1
Fire Hydrant,1
Sheriff,1
Windsock,1
Brackets Square,1
Guitars,1
Achievement,1
Head Side Mask,1
File Download,1
Whistle,1
Gravity,1
Christmas Tree,1
Spark,1
Dizzy,1
Calendar Week,1
To Do,1
Walkie Talkie,1
Arrow-Up-Right,1
Spray Bottle,1
Carriage,1
Cricket,1
File Export,1
Clothes Hanger,1
Ranking,1
Lock Open Alt,1
Ruble-Sign,1
Wifi Exclamation,1
Arrow-From-Right,1
Explore,1
H1,1
Compress-Alt,1
Dice-Three,1
Clip,1
Hand Scissors,1
Password,1
Circle Calendar,1
Ice Cubes,1
Trolley,1
Racquet,1
Bookmark Slash,1
House Window,1
Read More,1
Granary,1
Diving,1
Tomato,1
Subscription,1
Truck-Ramp,1
Circle J,1
Circle 6,1
Hinduism,1
Naira Sign,1
Bars Staggered,1
High,1
Pan Food,1
Send Backward,1
Shine,1
Wrap,1
Bugs,1
Enable,1
Vector Circle,1
Sparkle,1
Sort-Amount-Down,1
Folder-Download,1
Bathtub,1
Radar,1
Green Power,1
Angle-Down,1
Marine,1
Spot,1
Smiley,1
Sax,1
Truck-Loading,1
Overline,1
Face Persevering,1
Grin-Squint-Tears,1
Face Fearful,1
User Check,1
Bowl Spoon,1
Memo,1
Venn Diagram,1
Dental Hygiene,1
Universal Access,1
Music Slash,1
Muted,1
User Unlock,1
Temperature-Up,1
Kitchen Tools,1
Square 0,1
Innovation,1
Explode,1
Wc,1
Arrow-Alt-Circle-Up,1
Feline,1
Papyrus,1
Temperature-High,1
Loudspeaker,1
Poop,1
Braille,1
Face Explode,1
Microbiology,1
Brick,1
Cursor,1
Hand Spock,1
Flag-Alt,1
Calendar-Plus,1
Zip File,1
Arrow-Up-Left,1
Dog Food,1
Closed,1
Typewriter,1
Electric Meter,1
Clapperboard Play,1
Sun Dust,1
Prevent,1
H Square,1
High Quality,1
Toolbox,1
Chevron-Double-Up,1
Diamond Exclamation,1
River,1
Friday,1
Camera Roll,1
Circle Half,1
Arrow Turn Down Left,1
Pumpkin,1
Face Hushed,1
Paint Roller,1
Hello,1
Legal,1
Spider Web,1
Shekel-Sign,1
User Injured,1
Comedy,1
Cloud Exclamation,1
Photo-Video,1
Scatter Plot,1
Overlay,1
It,1
Circle Bookmark,1
Santa Claus,1
Hand Middle Finger,1
American,1
Bolt Slash,1
Comment-Quote,1
Hat Cowboy Side,1
Vacuum,1
Professional,1
Border Bottom,1
Gallery,1
Emotions,1
Dharma Wheel,1
Square U,1
Glass Citrus,1
Money Bill Wave Alt,1
Circle Ellipsis Vertical,1
House Crack,1
Rectangle Xmark,1
Signage,1
Search Location,1
Potato,1
Donkey,1
Circle W,1
Drone,1
Beach,1
Guitar Electric,1
Bright,1
Comment-Text,1
Tent Arrows Down,1
Input,1
Octagon,1
Door Closed,1
Peach,1
Oil-Can,1
Plug,1
Sleet,1
Map Location,1
Phone-Slash,1
Cloud-Rain,1
Plane Slash,1
Manual,1
Scale,1
Expand Arrows,1
Chart Waterfall,1
Clipboard Check,1
Spades,1
Popcorn,1
Teacher,1
Centimeter,1
Microphone-Alt,1
Car-Garage,1
Encryption,1
Suitcase,1
Magnet,1
Circle B,1
Butterfly,1
Gears,1
Tv,1
Sum,1
Bow-Arrow,1
Login,1
Meeting,1
Glasses,1
Link-Slash,1
Pause Play,1
Laptop Medical,1
Mirror Ball,1
Shopping Card,1
Frozen,1
Chocolate Bar,1
Test Tube,1
Voice Record,1
Devices,1
Salmon,1
Bong,1
Dangerous,1
Windmill,1
Face Monocle,1
Awareness,1
Delete File,1
Umbrella,1
Bullet Point,1
Assistive-Listening-Systems,1
Whale,1
Shop Slash,1
Sort Circle Down,1
Scheme,1
Plate,1
Refine,1
Entry,1
Donut,1
Temperature-Down,1
Confetti Ball,1
Grin-Squint,1
Nurse,1
Clock-Two,1
Spray Can,1
Lightbulb Slash,1
Total,1
Club,1
Wallet,1
Accepted,1
Community,1
Collection,1
Dagger,1
Coffin,1
Ungroup,1
Tired,1
Water Bottle,1
Copy,1
Square 8,1
Gingerbread Man,1
Object,1
Construction Worker,1
Boot,1
Drop Down,1
Call Center,1
Nib,1
Listen,1
Scanner,1
Monday,1
Glitter,1
Heat,1
Unlock,1
Sort-Alpha-Up-Alt,1
Balance-Scale-Left,1
Seal,1
Straw,1
Fireplace,1
Bee,1
Cardboard Box,1
Swipe Up,1
Arrow-Alt-Circle-Left,1
File Invoice,1
Leaf Maple,1
Battery Bolt,1
Scroll Torah,1
Traffic Cone,1
Sea Food,1
Brackets Round,1
Reflect Horizontal,1
Squircle,1
Flying Disc,1
Sd Card,1
Minus Circle,1
Guitar,1
File Zipper,1
Chart Tree Map,1
At,1
Subscript,1
Snooze,1
Clarinet,1
Teddy Bear,1
Face Raised Eyebrow,1
Sailboat,1
Circle Quarter,1
Arrow-From-Left,1
Sweat,1
Bottle Droplet,1
Coffee Bean,1
Americas,1
Hot Food,1
Circuit,1
Id,1
Thunderstorm,1
Location Arrow,1
Good,1
Skull Crossbones,1
Circle 2,1
Ears,1
Bullseye Arrow,1
Dough,1
Hurry,1
Sledding,1
Footprints,1
Cigar,1
Climbing,1
Chart Radar,1
Boat,1
Sort-Alpha-Up,1
Cloud-Rainbow,1
Uniform,1
Square 3,1
Circle Xmark,1
Define,1
Draw Square,1
Gem,1
Wrench Alt,1
Dice-D10,1
Kettle,1
Circle I,1
Phone Office,1
Disk,1
Window Minimize,1
Whirlwind,1
Kiss-Wink-Heart,1
Baht Sign,1
Arrows-Repeat,1
Earth Asia,1
Up Right,1
Lead,1
Swiss,1
Quaver,1
Envelope-Plus,1
Sign Hanging,1
Nation,1
Stroller,1
Theme,1
Select,1
Tachometer-Fast,1
File Invoice Dollar,1
Vest Patches,1
Tent Arrow Turn Left,1
Tombstone,1
Karate,1
Pray,1
Angle-Up,1
Person Pregnant,1
Warmth,1
Window Alt,1
Lungs Virus,1
Handshake Simple Slash,1
Dice-D8,1
Flag-Usa,1
Coronavirus,1
Rest Area,1
Fight,1
Cart Minus,1
Jump,1
Talk,1
Create,1
Border Left,1
Inhaler,1
Piano,1
Dial,1
Square R,1
Open Hand,1
Diagram Project,1
Hand Wave,1
Venus-Double,1
Triangle Warning,1
Air Traffic,1
Seedling,1
Angry,1
Cctv,1
Background,1
Sterling Sign,1
Angle-Right,1
Topography,1
Square 1,1
Input Text,1
Chart Pie,1
Three,1
Tee,1
Avocado,1
Ngo,1
Clone,1
Sensor Alert,1
User Headset,1
Clock-Ten,1
Keyboard Down,1
Caret-Circle-Down,1
Delicate,1
Scatter,1
Car-Alt,1
Inbox-In,1
Album,1
Want,1
Announcement,1
Square 4,1
Puzzle Piece,1
Gifts,1
Cherry,1
Mushroom,1
Mosquito,1
Vr Glasses,1
Admin Alt,1
Person Walking With Cane,1
Fried Egg,1
Compose,1
Hat Wizard,1
Alt,1
Pen Clip,1
Glass Whiskey,1
Kerning,1
Mobile-Button,1
Code Compare,1
Hut,1
Sale,1
Apartment,1
Venus,1
Backpack,1
Projector,1
Look,1
Cauldron,1
Dip,1
Config,1
Vital Signs,1
Navigate,1
Sort-Amount-Up,1
Two,1
Prayer,1
Head Side Cough,1
Fax Machine,1
File Pdf,1
Bars-Progress,1
Version Control,1
Signal-Alt-1,1
Personal,1
Thread,1
Salute,1
Temperature-Low,1
Calendar Star,1
Sauce,1
Brand,1
Resources,1
Power Plant,1
Ghost,1
Smartphone,1
Blanket,1
Cloud-Hail,1
Landing,1
Calendar-Clock,1
Unchecked,1
Drumstick Bite,1
Turtle,1
Battery Slash,1
Calendar-Exclamation,1
Map Marker Slash,1
Jumping,1
Person Praying,1
Arrow-Circle-Right,1
Csv,1
Columns 3,1
Local,1
My Location,1
Peas,1
Shield Slash,1
Arrows-H,1
User Md,1
Golf,1
Bread-Slice,1
Basketball Ball,1
Frown,1
Dice-One,1
Neuter,1
Japanese,1
Hryvnia,1
Highlighter Line,1
Message Code,1
Circle F,1
Laugh-Beam,1
Area Chart,1
Gold,1
Satellite Dish,1
Circle L,1
Arrow-Alt-Down,1
Crow,1
Square Quote,1
Cross Religion,1
Wedge,1
Halo,1
Copyright,1
3M,1
Reject,1
Sticks,1
Mountain Bike,1
Bicycle,1
Square P,1
Hand Sparkles,1
Drum Steelpan,1
Hat Santa,1
Flatbread Stuffed,1
Voucher,1
Smart House,1
Camera Cctv,1
Car-Mechanic,1
Cent Sign,1
Garbage,1
Battery Quarter,1
Share Square,1
Rename,1
Hope,1
House Chimney Window,1
Temperature Check,1
Ring Diamond,1
Comment Alt Check,1
Comment-Question,1
Astronaut,1
Chess Board,1
Arrow-Small-Up,1
Rubbish,1
Pen Tool,1
Square Up Right,1
Cigarette,1
Face Sleepy,1
Circle A,1
Volume Mute,1
Cupid,1
Capsule,1
Vessel,1
Chart Bars,1
Play-Pause,1
House Chimney User,1
Registered,1
Home Heart,1
Reservoir,1
Money Bills,1
Extension,1
Hand Holding Medical,1
Luchador,1
Bowl Chopsticks,1
Tank Top,1
Usd-Circle,1
Office Building,1
Square 2,1
Tally 3,1
Truck Front,1
Crossroads,1
Qr,1
Street View,1
Flat,1
Star Sharp Half,1
Build,1
Cup Togo,1
Square F,1
Socks,1
Envelopes,1
Balloon,1
Room Service,1
Roof,1
Urology,1
Hands Heart,1
Qr Code,1
Comment Minus,1
Square C,1
Robot,1
Mortar,1
Tap,1
Tin,1
File Csv,1
Applause,1
Royal,1
Mercury,1
Sticky,1
Arrow-Square-Down,1
Swipe Left,1
Stroopwafel,1
Electric Car,1
Beer Mug Empty,1
Down To Line,1
Eyeglasses,1
Rupee,1
Face Pleading,1
Message Bot,1
Folder-Minus,1
Face Drooling,1
Description,1
Hd,1
Spring,1
Progress,1
Toggle On,1
High Signal,1
Circle Phone,1
Worm,1
Knowledge,1
Sort-Numeric-Down,1
Smartwatch,1
Axe,1
Postbox,1
Crash,1
Training,1
Portfolio,1
Taka,1
Shredder,1
Challenge,1
Angle-Double-Left,1
Dart,1
Set Square,1
Broken Image,1
Heart Crack,1
Square G,1
Coconut,1
Rabbit,1
Mouse Cursor,1
Computer Mouse,1
Circle R,1
Temperature-Frigid,1
Sensor,1
Exit Alt,1
Handy,1
Baseball,1
Chess-King,1
Battle,1
Cart Arrow Down,1
Daytime,1
Tank Water,1
Fighter Jet,1
Code Merge,1
Freight,1
Minus Button,1
Hands Clapping,1
Rent,1
Move To Folder,1
Tv Retro,1
Can,1
Escalator,1
Elderly,1
Sensitive,1
Shirt Tank Top,1
Responsive,1
Log Out,1
Grape,1
Phone Book,1
Prescription Bottle Alt,1
Circle P,1
Dumpster,1
Clock-Nine,1
Covid,1
Arrival,1
Tunnel,1
Russian,1
Reply,1
Tablets,1
Spaghetti Monster Flying,1
Sitemap,1
Lifting,1
Scroll Old,1
Leaf Oak,1
3D Model,1
Binoculars,1
Diamond Turn Right,1
Eject,1
Bell Slash,1
Clock-Six,1
Remove Folder,1
Square Poll Horizontal,1
Umbrella Beach,1
Staircase,1
Wifi 1,1
Bun,1
Calendar Arrow Down,1
Users Gear,1
Concierge Bell,1
Field Hockey,1
Folder-Upload,1
Pram,1
Paw,1
Hippo,1
Mask Face,1
Staff,1
Live,1
Messages,1
Fire Flame Curved,1
Banjo,1
Plow,1
Circle Z,1
Earth Americas,1
Olive,1
Face Confounded,1
Cloud-Showers,1
Alarm-Exclamation,1
Trail,1
Right Angle,1
Hat Winter,1
Radish,1
Video-Slash,1
Sing,1
Disc,1
Caret-Square-Left_1,1
Chart Simple,1
Football,1
Adventure,1
Screenshot,1
Shit,1
Pan Frying,1
Photo Camera,1
Poo,1
Oil-Temp,1
Circle Y,1
Sheep,1
Heart-Arrow,1
Waffle,1
Shoe Prints,1
Calendar Days,1
Moon Phase,1
People Carry Box,1
Border Outer,1
Exposure,1
Kiwi Bird,1
Old Tv,1
Ice Pop,1
Book User,1
Acorn,1
Motorbike,1
Dharmachakra,1
Raised,1
Url,1
Radio,1
Fire Flame,1
Face Thinking,1
Circle 8,1
Airplay,1
Blowing,1
Refund,1
Git,1
Mug-Tea,1
Cow,1
Dice-D12,1
Angle-Left,1
Square Button,1
Comment-Slash,1
Star Shooting,1
Paper Clip,1
Boxing,1
Call-Outgoing,1
Glass Half,1
Average,1
Asia,1
Falafel,1
Eraser,1
Foggy,1
Boiling,1
Circle X,1
Fire Flame Simple,1
Teaching,1
Cyborg,1
Cobweb,1
Double Tick,1
Monkey,1
Square Dashed,1
Tell,1
Box Dollar,1
Wave Sine,1
Sd,1
Laptop Code,1
Angle-Double-Right,1
Outgoing Call,1
Dm,1
Drop,1
Grin-Tears,1
Dove,1
Rupee-Sign,1
Grilled,1
Grin-Stars,1
Map Marker Check,1
Forklift,1
Race,1
Pancakes,1
Car Battery,1
Protected,1
Megaphone,1
Coffee Shop,1
Clubs,1
Hand Peace,1
Pyramid Chart,1
Shoe,1
Strikethrough,1
Microwave,1
Cognitive,1
Arrow-Square-Up,1
Border Inner,1
Battery Empty,1
Wave Square,1
Face Confused,1
Business-Time,1
Tint Slash,1
Ice Skate,1
Pyramid,1
Slide,1
Puzzles,1
Light Switch,1
Tool Box,1
House Tsunami,1
Bath,1
Loading,1
Tyre,1
Number 1,1
Face Vomit,1
Vacation,1
Wrestling,1
Face Disappointed,1
Matryoshka Doll,1
Square Y,1
Negative,1
Minimum,1
Bangladesh,1
Thermometer Empty,1
Flag Checkered,1
Class,1
Glass Empty,1
Thermometer-Half,1
360 View,1
Tree Alt,1
Terror,1
Arrow Left From Line,1
Bug Slash,1
Plane-Alt,1
Bags Shopping,1
Rainbow,1
Maintenance,1
Duck,1
Head Side Cough Slash,1
Algorithm,1
Completed,1
Wallpaper,1
Crack,1
Peanut,1
Armchair,1
Low Temperature,1
Links,1
Barrier,1
Widget,1
Peace Symbol,1
War,1
Transgender,1
Temperature Hot,1
Cubes,1
Privacy,1
Uploading,1
Helmet,1
Desktop Arrow Down,1
Feather Pointed,1
Caret-Up,1
Book Medical,1
Flower-Tulip,1
Steps,1
Perfume,1
Overview,1
Palm,1
Images,1
Arrow-Up-Right-From-Square,1
Keyboard Brightness,1
Pencil Slash,1
Less,1
Table List,1
Company,1
Skating,1
Rubber Stamp,1
House Laptop,1
See,1
Recycle,1
Contrast,1
Liquid,1
Expand-Arrows-Alt,1
Investor,1
Fan,1
Ring,1
Ski Resort,1
Battery Half,1
Sun Protection,1
Car-Side,1
Waveform Path,1
Knife Kitchen,1
Brush,1
Arrows-Cross,1
Arrow Turn Down Right,1
Sack Dollar,1
Layer-Minus,1
Box Tissue,1
Snowmobile,1
Toothbrush,1
Arrow-Trend-Down,1
Fever,1
Candy Bar,1
Grin-Wink,1
Door Open,1
Square Rss,1
Book-Arrow-Up,1
Water Ladder,1
Rectangle-Horizontal,1
Pirate,1
Republican,1
Frisbee,1
Face Shush,1
Card Heart,1
Tax,1
Loveseat,1
Nuclear,1
Users Slash,1
Chart Mixed,1
Record-Vinyl,1
Bowling Ball,1
Dice-Two,1
Prescription Bottle,1
Paragraph Left,1
Key Chain,1
Grin-Beam,1
Map Marker Question,1
Horse Head,1
Tissue Box,1
Value,1
Square Kanban,1
Painter,1
Nordic,1
Head Side Virus,1
Radioactive,1
Unknown,1
Shield Alt,1
Face Angry Horns,1
Swimming,1
Creature,1
Comment-Info,1
Bacon,1
Wheat,1
Distribution Center,1
Hand Lizard,1
Broken Heart,1
Volcano,1
Trial,1
Aircraft,1
Face Glasses,1
Baguette,1
Sim Cards,1
Circle User,1
Campfire,1
Columns,1
Direct,1
Cassette Tape,1
H3,1
Car Crash,1
Grin-Alt,1
Reptile,1
Job,1
Luggage Cart,1
Wrapped,1
Square Code,1
Calendar Day,1
Lab Equipment,1
Deadline,1
Arrow-From-Bottom,1
Funnel-Dollar,1
Tractor,1
Raise Hand,1
Hand Heart,1
Arrow-Alt-Circle-Right,1
Chart Scatter 3D,1
Camera Retro,1
Clock-Eleven,1
Brain Circuit,1
Truck Flatbed,1
Cloud-Showers-Heavy,1
Order,1
Costa Rica,1
Hard,1
Air,1
Objective,1
Face Worried,1
Comment Dots,1
Meh-Blank,1
Fish Cooked,1
Reply All,1
Utility Pole,1
Equality,1
Circle Ellipsis,1
Microchip,1
Pineapple,1
Inventory,1
Draw Polygon,1
Person Simple,1
Circle 5,1
Genetic,1
Circle-Small,1
Speech,1
Square L,1
Money Bill Wave,1
Smile-Wink,1
Personal Information,1
Up Right From Square,1
Meh,1
Superscript,1
Book-Bookmark,1
Pilcrow,1
Arrow-Alt-Circle-Down,1
Circle 1,1
Promo,1
Sinusoid,1
Layer-Plus,1
Pear,1
Nesting Dolls,1
Wifi Slash,1
Florist,1
Hourglass Start,1
Chart Candlestick,1
Birthday,1
Filters,1
Chair Office,1
Piggy Bank,1
Lira-Sign,1
Meh-Rolling-Eyes,1
User Visor,1
Balance-Scale-Right,1
Tally Marks,1
File Powerpoint,1
Square Poll Vertical,1
Clipboard List,1
Thesis,1
Hand Holding Usd,1
Arrow-Square-Right,1
Building Ngo,1
Glass Champagne,1
Florin Sign,1
Indian Rupee Sign,1
Cactus,1
Accept,1
Wine Bottle,1
Wind Turbine,1
Feet,1
Alarm Off,1
Bench,1
Hands,1
Breath,1
Fax,1
Chess-Rook,1
Bow,1
Paperclip,1
Person Circle Question,1
Grin-Tongue-Wink,1
Coffee Pot,1
House Chimney,1
Ramen,1
Hiking,1
Rugby,1
File Import,1
Water Drops,1
Heart Half,1
Division,1
Shield Virus,1
Switch On,1
Circle E,1
Upgrade,1
Flushed,1
Forward,1
Swipe Down,1
Activism,1
House Medical,1
Scratch,1
Arrows-Alt-H,1
Productivity,1
Sensor On,1
Pencil-Ruler,1
Wifi 2,1
Admin,1
Tea,1
Block Quote,1
Riding,1
Grip Lines,1
Wheelchair,1
Memo Pad,1
Melon,1
Cloud-Upload-Alt,1
It Computer.,1
Narwhal,1
Workflow,1
Square H,1
Dice-Four,1
Raining,1
Chess-Queen,1
Sign-Out-Alt,1
Face Thermometer,1
File Excel,1
Detective,1
Pickaxe,1
Call-Incoming,1
Multiple Users,1
Stuffed,1
Scrubber,1
Arrow-To-Top,1
File Binary,1
Keyboard Brightness Low,1
Lira,1
Sketching,1
Angel,1
Blinds Open,1
Blog,1
Rectangle Code,1
Raw,1
Third,1
Virtual Glasses,1
Bling,1
Circle Trash,1
Gavel,1
File Audio,1
Hands Holding,1
Answer,1
File Exclamation,1
Send Back,1
Switch Off,1
Cloud-Sleet,1
Logout,1
Ice,1
Light Switch Off,1
Humidity,1
Inboxes,1
Component,1
Ask,1
Star And Crescent,1
Falling Star,1
Box Heart,1
Scarecrow,1
Decline,1
Tenge,1
Peanuts,1
Mall,1
Hanging,1
Dice-D4,1
Phone Rotary,1
Tragedy,1
Vertical Bars,1
Invalid,1
Bitcoin,1
Electron,1
Seeding,1
Staggered,1
Sphere,1
Defrost,1
Truck-Moving,1
File Upload,1
Stop Circle,1
Micro Sd Card,1
Leafy Green,1
Gallery Thumbnails,1
Number One,1
Text Formatting,1
Baby Carriage,1
Face Downcast Sweat,1
Hand Holding Droplet,1
Circle Q,1
Sort Ascending,1
Tally 4,1
Arrow-Trend-Up,1
Left Click,1
Square I,1
List Timeline,1
Mountains,1
Organize,1
Window Restore,1
Pc,1
Window Maximize,1
Beer,1
Rectangle Vertical,1
Sort Circle,1
Rack,1
Sunglasses,1
Store-Alt,1
Bell Concierge,1
Face Grin Tongue Wink,1
Comments Dollar,1
Flow,1
Digital Watch,1
Scan,1
File Prescription,1
Call Missed,1
Border Right,1
Trowel,1
Diving Mask,1
Venus-Mars,1
Chopstick,1
Square T,1
Hot Dog,1
Stairway,1
Portion,1
Square Heart,1
Level,1
Jam,1
Fortress,1
Basket,1
Plus Minus,1
Concierge,1
Pipe Smoking,1
Bottom Left,1
Message Question,1
Asian,1
Digital Tachograph,1
Redo-Alt,1
Frequency,1
Down Right,1
Snowplow,1
Auction,1
